emp_codigo;emp_data_devolucao;emp_data_saida;emp_cli_pes_codigo;emp_fun_pes_codigo;emp_exe_codigo
1;18/05/2018;11/05/2018;5;25;199
2;08/11/2018;01/11/2018;4;14;15
3;17/12/2017;10/12/2017;9;14;210
4;16/10/2018;09/10/2018;1;25;187
5;12/03/2018;05/03/2018;11;14;116
6;02/06/2018;26/05/2018;3;14;31
7;11/08/2018;04/08/2018;10;25;173
8;14/11/2018;07/11/2018;8;14;146
9;10/10/2018;03/10/2018;5;14;171
10;24/08/2018;17/08/2018;6;25;125
11;12/06/2018;05/06/2018;11;14;171
12;18/11/2017;11/11/2017;6;25;42
13;28/01/2018;21/01/2018;4;25;33
14;31/12/2017;24/12/2017;9;14;21
15;22/07/2018;15/07/2018;7;14;210
16;20/04/2018;13/04/2018;11;14;41
17;05/06/2018;29/05/2018;4;14;40
18;31/12/2017;24/12/2017;1;14;56
19;22/04/2018;15/04/2018;7;14;149
20;20/12/2017;13/12/2017;6;14;59
21;20/06/2018;13/06/2018;3;14;111
22;17/03/2018;10/03/2018;0;14;95
23;18/09/2018;11/09/2018;6;14;199
24;27/07/2018;20/07/2018;4;25;37
25;09/08/2018;02/08/2018;10;25;58
26;07/08/2018;31/07/2018;6;25;124
27;27/02/2018;20/02/2018;8;25;179
28;15/06/2018;08/06/2018;12;25;37
29;03/01/2018;27/12/2017;5;25;200
30;21/03/2018;14/03/2018;0;25;35
31;30/06/2018;23/06/2018;5;25;66
32;16/09/2018;09/09/2018;3;25;34
33;06/06/2018;30/05/2018;9;14;112
34;24/08/2018;17/08/2018;0;14;150
35;19/06/2018;12/06/2018;12;25;21
36;16/03/2018;09/03/2018;11;14;201
37;02/07/2018;25/06/2018;4;14;153
38;04/12/2017;27/11/2017;4;14;189
39;24/10/2018;17/10/2018;11;14;57
40;16/03/2018;09/03/2018;11;14;206
41;15/10/2018;08/10/2018;8;14;142
42;03/02/2018;27/01/2018;13;14;121
43;20/03/2018;13/03/2018;1;14;132
44;09/01/2018;02/01/2018;12;14;205
45;08/08/2018;01/08/2018;6;25;208
46;14/03/2018;07/03/2018;10;25;198
47;22/11/2017;15/11/2017;3;14;57
48;23/04/2018;16/04/2018;5;14;100
49;15/04/2018;08/04/2018;12;25;2
50;08/03/2018;01/03/2018;4;14;161
51;19/07/2018;12/07/2018;10;25;190
52;11/03/2018;04/03/2018;4;25;15
53;03/10/2018;26/09/2018;9;25;198
54;21/04/2018;14/04/2018;3;14;207
55;17/03/2018;10/03/2018;6;14;69
56;22/06/2018;15/06/2018;12;14;190
57;08/08/2018;01/08/2018;13;25;195
58;20/12/2017;13/12/2017;10;14;20
59;02/03/2018;23/02/2018;13;14;198
60;10/08/2018;03/08/2018;6;25;113
61;17/10/2018;10/10/2018;2;14;97
62;08/02/2018;01/02/2018;9;14;51
63;26/05/2018;19/05/2018;10;14;143
64;20/05/2018;13/05/2018;9;14;193
65;11/07/2018;04/07/2018;9;25;194
66;10/08/2018;03/08/2018;9;25;90
67;26/09/2018;19/09/2018;4;25;22
68;08/05/2018;01/05/2018;3;25;139
69;20/06/2018;13/06/2018;4;25;21
70;20/09/2018;13/09/2018;12;25;178
71;21/08/2018;14/08/2018;2;25;63
72;22/05/2018;15/05/2018;3;14;152
73;19/12/2017;12/12/2017;3;25;115
74;23/08/2018;16/08/2018;6;25;131
75;25/10/2018;18/10/2018;7;25;127
76;13/10/2018;06/10/2018;0;25;112
77;30/08/2018;23/08/2018;8;25;147
78;25/08/2018;18/08/2018;8;14;78
79;10/11/2018;03/11/2018;8;14;92
80;21/06/2018;14/06/2018;13;14;144
81;18/04/2018;11/04/2018;3;14;60
82;27/10/2018;20/10/2018;0;14;135
83;18/08/2018;11/08/2018;4;14;121
84;17/06/2018;10/06/2018;2;14;15
85;19/09/2018;12/09/2018;1;25;39
86;21/04/2018;14/04/2018;12;25;137
87;11/10/2018;04/10/2018;4;25;40
88;11/08/2018;04/08/2018;7;25;134
89;04/05/2018;27/04/2018;2;25;184
90;25/03/2018;18/03/2018;7;14;21
91;28/05/2018;21/05/2018;7;25;184
92;30/06/2018;23/06/2018;12;14;122
93;05/04/2018;29/03/2018;2;14;101
94;03/01/2018;27/12/2017;1;25;109
95;29/01/2018;22/01/2018;3;14;37
96;31/07/2018;24/07/2018;6;14;154
97;15/02/2018;08/02/2018;2;25;138
98;09/12/2017;02/12/2017;11;14;189
99;19/08/2018;12/08/2018;10;14;78
100;11/05/2018;04/05/2018;13;25;164
101;11/06/2018;04/06/2018;2;14;60
102;18/12/2017;11/12/2017;7;25;38
103;08/10/2018;01/10/2018;3;25;73
104;22/08/2018;15/08/2018;12;14;137
105;13/05/2018;06/05/2018;13;14;158
106;08/08/2018;01/08/2018;6;14;39
107;10/04/2018;03/04/2018;6;14;170
108;03/03/2018;24/02/2018;10;14;179
109;20/05/2018;13/05/2018;5;14;71
110;13/05/2018;06/05/2018;10;14;144
111;02/11/2018;26/10/2018;1;14;95
112;16/10/2018;09/10/2018;9;14;75
113;11/06/2018;04/06/2018;4;14;128
114;01/11/2018;25/10/2018;11;25;80
115;04/02/2018;28/01/2018;12;25;211
116;07/10/2018;30/09/2018;0;25;200
117;01/03/2018;22/02/2018;9;25;34
118;05/06/2018;29/05/2018;4;25;206
119;01/07/2018;24/06/2018;2;25;202
120;25/01/2018;18/01/2018;10;25;95
121;12/09/2018;05/09/2018;5;25;10
122;12/04/2018;05/04/2018;5;25;2
123;02/02/2018;26/01/2018;3;14;171
124;26/09/2018;19/09/2018;9;14;24
125;03/03/2018;24/02/2018;9;25;23
126;22/10/2018;15/10/2018;4;14;150
127;18/04/2018;11/04/2018;6;14;146
128;16/12/2017;09/12/2017;4;14;109
129;16/06/2018;09/06/2018;3;14;60
130;17/11/2017;10/11/2017;5;14;194
131;30/05/2018;23/05/2018;3;14;165
132;18/12/2017;11/12/2017;1;14;83
133;28/11/2017;21/11/2017;2;14;94
134;03/01/2018;27/12/2017;10;14;73
135;30/07/2018;23/07/2018;3;25;38
136;14/09/2018;07/09/2018;5;25;138
137;18/09/2018;11/09/2018;6;14;124
138;17/09/2018;10/09/2018;9;14;144
139;20/10/2018;13/10/2018;3;25;10
140;13/03/2018;06/03/2018;10;14;11
141;29/01/2018;22/01/2018;11;25;29
142;09/03/2018;02/03/2018;1;25;94
143;01/09/2018;25/08/2018;9;25;128
144;17/05/2018;10/05/2018;1;14;63
145;24/12/2017;17/12/2017;2;14;143
146;07/05/2018;30/04/2018;3;14;197
147;30/11/2017;23/11/2017;0;25;74
148;25/11/2017;18/11/2017;0;14;75
149;14/06/2018;07/06/2018;3;14;42
150;20/09/2018;13/09/2018;1;25;13
151;02/12/2017;25/11/2017;13;14;27
152;26/01/2018;19/01/2018;18;14;136
153;09/06/2018;02/06/2018;15;14;209
154;03/05/2018;26/04/2018;17;14;156
155;18/09/2018;11/09/2018;24;25;103
156;08/07/2018;01/07/2018;15;25;147
157;16/01/2018;09/01/2018;13;25;117
158;03/11/2018;27/10/2018;18;25;8
159;05/01/2018;29/12/2017;18;25;131
160;23/01/2018;16/01/2018;3;25;63
161;31/07/2018;24/07/2018;7;25;102
162;03/10/2018;26/09/2018;4;14;117
163;12/01/2018;05/01/2018;11;25;9
164;01/11/2018;25/10/2018;8;25;90
165;28/07/2018;21/07/2018;3;25;144
166;12/11/2018;05/11/2018;5;25;170
167;20/12/2017;13/12/2017;10;25;88
168;11/07/2018;04/07/2018;14;14;189
169;10/06/2018;03/06/2018;4;14;13
170;07/06/2018;31/05/2018;2;14;172
171;08/11/2018;01/11/2018;11;14;102
172;16/11/2017;09/11/2017;19;14;70
173;17/05/2018;10/05/2018;20;14;111
174;12/12/2017;05/12/2017;19;14;30
175;20/06/2018;13/06/2018;11;25;130
176;30/06/2018;23/06/2018;2;25;10
177;01/09/2018;25/08/2018;18;25;50
178;25/04/2018;18/04/2018;8;25;55
179;03/01/2018;27/12/2017;9;25;186
180;02/08/2018;26/07/2018;21;14;134
181;09/09/2018;02/09/2018;9;25;205
182;11/06/2018;04/06/2018;22;14;53
183;12/10/2018;05/10/2018;11;14;66
184;21/03/2018;14/03/2018;7;25;181
185;27/08/2018;20/08/2018;4;14;97
186;31/08/2018;24/08/2018;17;14;5
187;18/07/2018;11/07/2018;1;25;101
188;02/06/2018;26/05/2018;17;14;72
189;25/02/2018;18/02/2018;1;14;28
190;15/11/2018;08/11/2018;18;25;170
191;27/06/2018;20/06/2018;12;14;66
192;22/08/2018;15/08/2018;21;25;55
193;15/07/2018;08/07/2018;8;25;111
194;29/03/2018;22/03/2018;16;14;21
195;20/12/2017;13/12/2017;3;14;24
196;15/03/2018;08/03/2018;1;14;10
197;25/08/2018;18/08/2018;23;14;55
198;26/02/2018;19/02/2018;3;14;152
199;04/04/2018;28/03/2018;12;14;5
200;18/08/2018;11/08/2018;12;14;53
201;20/08/2018;13/08/2018;23;14;91
202;07/11/2018;31/10/2018;7;14;67
203;17/10/2018;10/10/2018;15;14;23
204;05/10/2018;28/09/2018;11;25;26
205;24/06/2018;17/06/2018;10;25;184
206;21/01/2018;14/01/2018;17;25;123
207;12/07/2018;05/07/2018;11;25;8
208;13/08/2018;06/08/2018;3;25;35
209;17/09/2018;10/09/2018;17;25;211
210;26/07/2018;19/07/2018;24;25;23
211;12/11/2018;05/11/2018;12;25;69
212;10/10/2018;03/10/2018;9;25;100
213;13/06/2018;06/06/2018;22;14;34
214;15/11/2017;08/11/2017;4;14;31
215;23/12/2017;16/12/2017;15;25;60
216;05/11/2018;29/10/2018;5;14;203
217;03/06/2018;27/05/2018;20;14;0
218;29/01/2018;22/01/2018;15;14;183
219;14/04/2018;07/04/2018;21;14;1
220;04/05/2018;27/04/2018;22;14;166
221;12/12/2017;05/12/2017;8;14;8
222;19/12/2017;12/12/2017;17;14;29
223;30/03/2018;23/03/2018;21;14;68
224;05/08/2018;29/07/2018;22;14;29
225;06/03/2018;27/02/2018;13;25;8
226;04/12/2017;27/11/2017;9;25;161
227;25/07/2018;18/07/2018;12;14;208
228;20/03/2018;13/03/2018;2;14;66
229;19/09/2018;12/09/2018;11;25;27
230;25/10/2018;18/10/2018;11;14;44
231;13/02/2018;06/02/2018;9;25;170
232;17/11/2017;10/11/2017;8;25;173
233;13/04/2018;06/04/2018;19;25;121
234;20/10/2018;13/10/2018;18;14;145
235;01/04/2018;25/03/2018;22;14;28
236;18/10/2018;11/10/2018;5;14;207
237;29/03/2018;22/03/2018;15;25;141
238;26/02/2018;19/02/2018;7;14;121
239;05/08/2018;29/07/2018;22;14;180
240;07/12/2017;30/11/2017;12;25;176
241;27/06/2018;20/06/2018;17;14;57
242;03/11/2018;27/10/2018;2;14;112
243;02/02/2018;26/01/2018;15;14;13
244;29/05/2018;22/05/2018;23;14;194
245;13/08/2018;06/08/2018;0;25;45
246;22/01/2018;15/01/2018;11;25;209
247;29/12/2017;22/12/2017;11;25;25
248;10/09/2018;03/09/2018;6;25;179
249;25/11/2017;18/11/2017;3;25;142
250;13/06/2018;06/06/2018;3;25;90
251;02/02/2018;26/01/2018;24;25;13
252;07/01/2018;31/12/2017;24;14;59
253;23/10/2018;16/10/2018;4;25;119
254;26/03/2018;19/03/2018;22;25;135
255;27/05/2018;20/05/2018;8;25;190
256;13/01/2018;06/01/2018;6;25;130
257;01/11/2018;25/10/2018;23;25;209
258;14/07/2018;07/07/2018;23;14;35
259;22/03/2018;15/03/2018;8;14;116
260;16/10/2018;09/10/2018;15;14;164
261;15/02/2018;08/02/2018;0;14;66
262;25/10/2018;18/10/2018;0;14;25
263;01/12/2017;24/11/2017;20;14;85
264;28/11/2017;21/11/2017;19;14;118
265;13/11/2018;06/11/2018;19;25;191
266;13/05/2018;06/05/2018;0;25;136
267;02/05/2018;25/04/2018;7;25;85
268;06/01/2018;30/12/2017;21;25;95
269;28/09/2018;21/09/2018;22;25;187
270;04/04/2018;28/03/2018;6;14;30
271;16/09/2018;09/09/2018;5;25;180
272;14/12/2017;07/12/2017;21;14;82
273;28/05/2018;21/05/2018;6;14;170
274;07/04/2018;31/03/2018;4;25;114
275;04/12/2017;27/11/2017;19;14;156
276;27/11/2017;20/11/2017;22;14;59
277;10/03/2018;03/03/2018;3;25;12
278;21/07/2018;14/07/2018;9;14;92
279;05/04/2018;29/03/2018;19;14;168
280;07/06/2018;31/05/2018;10;25;30
281;14/01/2018;07/01/2018;20;14;111
282;19/07/2018;12/07/2018;22;25;210
283;29/04/2018;22/04/2018;5;25;59
284;23/03/2018;16/03/2018;15;14;104
285;09/11/2018;02/11/2018;9;14;25
286;23/10/2018;16/10/2018;1;14;153
287;01/02/2018;25/01/2018;15;14;3
288;24/05/2018;17/05/2018;9;14;109
289;23/06/2018;16/06/2018;7;14;120
290;28/01/2018;21/01/2018;8;14;7
291;12/07/2018;05/07/2018;19;14;183
292;22/06/2018;15/06/2018;20;14;54
293;24/02/2018;17/02/2018;7;14;159
294;16/05/2018;09/05/2018;3;25;206
295;05/06/2018;29/05/2018;1;25;64
296;01/01/2018;25/12/2017;5;25;12
297;31/05/2018;24/05/2018;11;25;200
298;14/12/2017;07/12/2017;4;25;166
299;06/05/2018;29/04/2018;17;25;29
300;26/06/2018;19/06/2018;6;25;23
301;21/09/2018;14/09/2018;7;25;56
302;11/11/2018;04/11/2018;12;25;11
303;07/06/2018;31/05/2018;0;14;179
304;05/06/2018;29/05/2018;18;14;85
305;19/11/2017;12/11/2017;16;25;27
306;20/12/2017;13/12/2017;20;14;18
307;03/01/2018;27/12/2017;23;14;151
308;22/06/2018;15/06/2018;18;14;189
309;27/02/2018;20/02/2018;17;14;207
310;01/05/2018;24/04/2018;15;14;149
311;12/01/2018;05/01/2018;18;14;18
312;30/09/2018;23/09/2018;10;14;107
313;27/01/2018;20/01/2018;3;14;207
314;21/03/2018;14/03/2018;2;14;179
315;24/09/2018;17/09/2018;12;25;174
316;05/08/2018;29/07/2018;19;25;175
317;14/12/2017;07/12/2017;12;14;114
318;24/12/2017;17/12/2017;23;14;15
319;09/11/2018;02/11/2018;9;25;36
320;21/04/2018;14/04/2018;0;14;65
321;20/05/2018;13/05/2018;3;25;212
322;15/11/2017;08/11/2017;9;25;61
323;20/02/2018;13/02/2018;15;25;180
324;02/11/2018;26/10/2018;3;14;73
325;12/07/2018;05/07/2018;20;14;187
326;19/08/2018;12/08/2018;22;14;13
327;18/04/2018;11/04/2018;6;25;41
328;11/03/2018;04/03/2018;21;14;2
329;06/12/2017;29/11/2017;4;14;160
330;31/01/2018;24/01/2018;21;25;122
331;10/07/2018;03/07/2018;1;14;122
332;12/01/2018;05/01/2018;3;14;42
333;23/04/2018;16/04/2018;14;14;208
334;26/04/2018;19/04/2018;17;14;200
335;04/04/2018;28/03/2018;1;25;51
336;29/03/2018;22/03/2018;15;25;109
337;01/04/2018;25/03/2018;1;25;3
338;05/07/2018;28/06/2018;4;25;57
339;28/02/2018;21/02/2018;20;25;140
340;24/04/2018;17/04/2018;21;25;102
341;07/01/2018;31/12/2017;22;25;43
342;26/08/2018;19/08/2018;11;14;6
343;30/05/2018;23/05/2018;14;25;25
344;12/07/2018;05/07/2018;15;25;181
345;02/06/2018;26/05/2018;17;25;147
346;25/11/2017;18/11/2017;12;25;120
347;14/06/2018;07/06/2018;5;25;133
348;14/05/2018;07/05/2018;9;14;57
349;04/08/2018;28/07/2018;19;14;175
350;22/02/2018;15/02/2018;18;14;45
351;13/12/2017;06/12/2017;8;14;44
352;14/12/2017;07/12/2017;9;14;202
353;25/04/2018;18/04/2018;21;14;88
354;09/03/2018;02/03/2018;0;14;114
355;13/03/2018;06/03/2018;1;25;8
356;30/03/2018;23/03/2018;18;25;59
357;14/10/2018;07/10/2018;16;25;191
358;15/10/2018;08/10/2018;0;25;42
359;05/06/2018;29/05/2018;0;25;197
360;26/10/2018;19/10/2018;1;14;58
361;18/03/2018;11/03/2018;18;25;45
362;16/12/2017;09/12/2017;24;14;51
363;24/07/2018;17/07/2018;24;14;103
364;01/07/2018;24/06/2018;3;25;128
365;06/05/2018;29/04/2018;4;14;32
366;05/05/2018;28/04/2018;7;14;51
367;29/07/2018;22/07/2018;17;25;209
368;22/07/2018;15/07/2018;17;14;179
369;13/02/2018;06/02/2018;5;14;60
370;25/11/2017;18/11/2017;8;25;145
371;24/07/2018;17/07/2018;15;14;195
372;06/07/2018;29/06/2018;14;25;125
373;13/02/2018;06/02/2018;20;25;201
374;19/08/2018;12/08/2018;0;14;21
375;16/09/2018;09/09/2018;4;14;80
376;05/12/2017;28/11/2017;18;14;5
377;25/12/2017;18/12/2017;0;14;189
378;06/05/2018;29/04/2018;1;14;163
379;10/03/2018;03/03/2018;22;14;49
380;26/06/2018;19/06/2018;0;14;34
381;25/01/2018;18/01/2018;13;14;35
382;18/11/2017;11/11/2017;22;14;13
383;14/05/2018;07/05/2018;10;14;181
384;09/01/2018;02/01/2018;7;25;22
385;09/11/2018;02/11/2018;11;25;98
386;17/12/2017;10/12/2017;12;25;93
387;14/03/2018;07/03/2018;2;25;212
388;24/03/2018;17/03/2018;3;25;158
389;01/01/2018;25/12/2017;6;25;36
390;04/10/2018;27/09/2018;23;25;2
391;28/10/2018;21/10/2018;11;25;44
392;10/07/2018;03/07/2018;24;25;79
393;23/02/2018;16/02/2018;23;14;153
394;09/09/2018;02/09/2018;19;14;163
395;18/05/2018;11/05/2018;19;25;64
396;06/04/2018;30/03/2018;11;14;121
397;27/09/2018;20/09/2018;0;14;46
398;20/10/2018;13/10/2018;5;14;193
399;26/05/2018;19/05/2018;7;14;91
400;20/11/2017;13/11/2017;16;14;173
401;12/03/2018;05/03/2018;8;14;56
402;09/12/2017;02/12/2017;19;14;19
403;05/02/2018;29/01/2018;16;14;64
404;17/06/2018;10/06/2018;16;14;51
405;26/07/2018;19/07/2018;6;25;58
406;05/12/2017;28/11/2017;7;25;88
407;06/01/2018;30/12/2017;9;14;186
408;27/07/2018;20/07/2018;22;14;104
409;27/06/2018;20/06/2018;16;25;140
410;08/07/2018;01/07/2018;19;14;184
411;14/09/2018;07/09/2018;20;25;177
412;29/06/2018;22/06/2018;11;25;51
413;01/11/2018;25/10/2018;22;25;94
414;11/12/2017;04/12/2017;22;14;2
415;13/07/2018;06/07/2018;20;14;61
416;09/11/2018;02/11/2018;17;14;141
417;04/08/2018;28/07/2018;11;25;196
418;04/02/2018;28/01/2018;16;14;192
419;31/12/2017;24/12/2017;18;14;194
420;19/01/2018;12/01/2018;14;25;212
421;17/11/2017;10/11/2017;6;14;37
422;04/05/2018;27/04/2018;14;14;132
423;19/09/2018;12/09/2018;2;14;191
424;15/04/2018;08/04/2018;1;14;175
425;24/03/2018;17/03/2018;16;25;104
426;01/05/2018;24/04/2018;19;25;43
427;01/11/2018;25/10/2018;16;25;182
428;11/02/2018;04/02/2018;13;25;60
429;08/08/2018;01/08/2018;3;25;126
430;18/04/2018;11/04/2018;19;25;65
431;01/12/2017;24/11/2017;1;25;200
432;13/02/2018;06/02/2018;19;14;53
433;03/07/2018;26/06/2018;5;25;103
434;21/07/2018;14/07/2018;7;25;143
435;28/09/2018;21/09/2018;11;25;18
436;15/02/2018;08/02/2018;7;25;12
437;17/06/2018;10/06/2018;12;25;88
438;19/04/2018;12/04/2018;0;14;8
439;06/07/2018;29/06/2018;9;14;69
440;17/04/2018;10/04/2018;12;14;145
441;10/04/2018;03/04/2018;9;14;80
442;15/01/2018;08/01/2018;23;14;18
443;25/05/2018;18/05/2018;23;14;104
444;07/09/2018;31/08/2018;24;14;196
445;25/10/2018;18/10/2018;6;25;154
446;01/04/2018;25/03/2018;7;25;167
447;28/07/2018;21/07/2018;6;25;201
448;18/06/2018;11/06/2018;9;25;55
449;01/05/2018;24/04/2018;19;25;98
450;21/05/2018;14/05/2018;8;14;38
451;22/09/2018;15/09/2018;16;25;76
452;22/07/2018;15/07/2018;13;14;49
453;18/04/2018;11/04/2018;14;14;109
454;31/08/2018;24/08/2018;1;25;108
455;03/01/2018;27/12/2017;12;14;85
456;21/12/2017;14/12/2017;15;14;198
457;04/02/2018;28/01/2018;20;25;129
458;31/03/2018;24/03/2018;18;14;202
459;28/11/2017;21/11/2017;9;14;132
460;08/09/2018;01/09/2018;4;25;56
461;15/04/2018;08/04/2018;1;14;96
462;15/11/2017;08/11/2017;22;25;82
463;27/08/2018;20/08/2018;6;25;204
464;23/05/2018;16/05/2018;24;14;99
465;31/07/2018;24/07/2018;24;14;156
466;19/11/2017;12/11/2017;10;14;97
467;15/10/2018;08/10/2018;2;14;45
468;05/06/2018;29/05/2018;5;14;143
469;12/03/2018;05/03/2018;15;14;169
470;15/03/2018;08/03/2018;23;14;42
471;05/02/2018;29/01/2018;19;14;70
472;22/10/2018;15/10/2018;1;14;35
473;28/05/2018;21/05/2018;1;14;109
474;23/03/2018;16/03/2018;13;25;212
475;28/07/2018;21/07/2018;17;25;164
476;19/08/2018;12/08/2018;5;25;103
477;10/10/2018;03/10/2018;3;25;2
478;05/02/2018;29/01/2018;3;25;167
479;16/08/2018;09/08/2018;17;25;70
480;08/08/2018;01/08/2018;23;25;117
481;17/08/2018;10/08/2018;16;25;155
482;11/03/2018;04/03/2018;1;25;30
483;08/06/2018;01/06/2018;11;14;57
484;26/12/2017;19/12/2017;1;14;78
485;07/03/2018;28/02/2018;7;25;201
486;12/12/2017;05/12/2017;10;14;21
487;08/05/2018;01/05/2018;15;14;83
488;23/12/2017;16/12/2017;7;14;197
489;11/11/2018;04/11/2018;8;14;2
490;07/05/2018;30/04/2018;12;14;198
491;10/12/2017;03/12/2017;6;14;33
492;21/01/2018;14/01/2018;7;14;31
493;01/07/2018;24/06/2018;9;14;181
494;16/01/2018;09/01/2018;13;14;91
495;29/07/2018;22/07/2018;17;25;190
496;11/12/2017;04/12/2017;7;25;31
497;08/08/2018;01/08/2018;13;14;81
498;02/03/2018;23/02/2018;5;14;156
499;25/04/2018;18/04/2018;15;25;143
500;30/08/2018;23/08/2018;11;14;16
501;29/09/2018;22/09/2018;10;25;84
502;20/12/2017;13/12/2017;3;25;77
503;06/08/2018;30/07/2018;12;25;78
504;06/07/2018;29/06/2018;23;14;165
505;30/12/2017;23/12/2017;4;14;165
506;26/09/2018;19/09/2018;17;14;56
507;25/09/2018;18/09/2018;24;25;87
508;14/12/2017;07/12/2017;5;14;15
509;06/03/2018;27/02/2018;15;14;149
510;27/12/2017;20/12/2017;19;25;138
511;07/08/2018;31/07/2018;5;14;0
512;20/05/2018;13/05/2018;6;14;35
513;22/02/2018;15/02/2018;8;14;189
514;03/03/2018;24/02/2018;9;14;146
515;28/10/2018;21/10/2018;22;25;53
516;03/10/2018;26/09/2018;18;25;58
517;02/10/2018;25/09/2018;5;25;124
518;31/10/2018;24/10/2018;8;25;178
519;10/08/2018;03/08/2018;13;25;29
520;18/05/2018;11/05/2018;21;25;155
521;11/08/2018;04/08/2018;15;25;212
522;04/06/2018;28/05/2018;3;14;91
523;14/09/2018;07/09/2018;7;25;41
524;06/06/2018;30/05/2018;20;25;111
525;19/10/2018;12/10/2018;2;25;183
526;06/05/2018;29/04/2018;0;25;84
527;15/01/2018;08/01/2018;3;25;95
528;12/05/2018;05/05/2018;17;14;85
529;27/03/2018;20/03/2018;0;14;97
530;18/07/2018;11/07/2018;12;14;77
531;06/06/2018;30/05/2018;16;14;42
532;02/08/2018;26/07/2018;9;14;110
533;24/01/2018;17/01/2018;10;14;165
534;20/03/2018;13/03/2018;9;14;118
535;24/01/2018;17/01/2018;24;25;3
536;03/10/2018;26/09/2018;5;25;175
537;07/06/2018;31/05/2018;12;25;143
538;15/12/2017;08/12/2017;20;25;54
539;08/04/2018;01/04/2018;21;25;109
540;17/08/2018;10/08/2018;18;14;9
541;11/09/2018;04/09/2018;17;25;64
542;20/01/2018;13/01/2018;9;14;210
543;01/12/2017;24/11/2017;19;14;162
544;28/11/2017;21/11/2017;18;25;85
545;13/03/2018;06/03/2018;15;14;145
546;21/10/2018;14/10/2018;15;14;119
547;16/06/2018;09/06/2018;0;25;123
548;21/08/2018;14/08/2018;17;14;199
549;08/08/2018;01/08/2018;13;14;206
550;27/04/2018;20/04/2018;6;25;95
551;22/12/2017;15/12/2017;7;14;10
552;02/03/2018;23/02/2018;5;25;197
553;18/04/2018;11/04/2018;20;25;166
554;17/11/2017;10/11/2017;3;14;27
555;02/10/2018;25/09/2018;8;14;86
556;08/06/2018;01/06/2018;7;14;147
557;01/08/2018;25/07/2018;24;14;121
558;24/12/2017;17/12/2017;15;14;162
559;06/11/2018;30/10/2018;17;14;115
560;12/07/2018;05/07/2018;18;14;142
561;12/06/2018;05/06/2018;20;14;195
562;01/07/2018;24/06/2018;19;14;159
563;01/03/2018;22/02/2018;19;14;86
564;21/01/2018;14/01/2018;24;25;18
565;24/04/2018;17/04/2018;2;25;0
566;06/10/2018;29/09/2018;8;25;94
567;21/11/2017;14/11/2017;0;25;55
568;05/11/2018;29/10/2018;21;25;186
569;31/12/2017;24/12/2017;13;25;152
570;29/08/2018;22/08/2018;7;25;212
571;21/02/2018;14/02/2018;19;25;156
572;25/12/2017;18/12/2017;1;25;6
573;21/09/2018;14/09/2018;4;14;140
574;24/12/2017;17/12/2017;19;14;115
575;23/04/2018;16/04/2018;7;25;79
576;19/09/2018;12/09/2018;21;14;130
577;06/12/2017;29/11/2017;7;14;108
578;21/06/2018;14/06/2018;6;14;80
579;08/01/2018;01/01/2018;23;14;99
580;15/01/2018;08/01/2018;10;14;17
581;02/05/2018;25/04/2018;8;14;137
582;31/08/2018;24/08/2018;8;14;83
583;21/08/2018;14/08/2018;9;14;191
584;17/02/2018;10/02/2018;20;14;109
585;09/03/2018;02/03/2018;6;25;35
586;01/08/2018;25/07/2018;17;25;149
587;11/11/2018;04/11/2018;10;14;83
588;19/11/2017;12/11/2017;9;14;88
589;17/07/2018;10/07/2018;2;25;58
590;22/03/2018;15/03/2018;10;14;173
591;17/06/2018;10/06/2018;15;25;160
592;09/06/2018;02/06/2018;9;25;120
593;16/06/2018;09/06/2018;1;25;188
594;02/02/2018;26/01/2018;15;14;4
595;17/03/2018;10/03/2018;20;14;153
596;05/07/2018;28/06/2018;13;14;60
597;12/09/2018;05/09/2018;12;25;161
598;17/02/2018;10/02/2018;10;14;21
599;28/09/2018;21/09/2018;1;14;174
600;09/10/2018;02/10/2018;6;25;147
601;19/06/2018;12/06/2018;17;14;0
602;19/12/2017;12/12/2017;2;14;42
603;10/12/2017;03/12/2017;12;14;51
604;08/12/2017;01/12/2017;9;14;95
605;20/04/2018;13/04/2018;5;25;64
606;19/08/2018;12/08/2018;23;25;117
607;19/11/2017;12/11/2017;15;25;25
608;15/04/2018;08/04/2018;8;25;23
609;10/04/2018;03/04/2018;23;25;104
610;15/10/2018;08/10/2018;22;25;133
611;04/12/2017;27/11/2017;21;25;107
612;12/12/2017;05/12/2017;23;14;131
613;21/06/2018;14/06/2018;3;25;203
614;26/06/2018;19/06/2018;19;25;197
615;23/09/2018;16/09/2018;11;25;3
616;06/09/2018;30/08/2018;12;25;32
617;01/01/2018;25/12/2017;8;25;133
618;09/03/2018;02/03/2018;23;14;128
619;02/06/2018;26/05/2018;15;14;133
620;09/07/2018;02/07/2018;6;14;63
621;21/02/2018;14/02/2018;23;14;123
622;19/01/2018;12/01/2018;22;14;143
623;23/03/2018;16/03/2018;6;14;147
624;11/06/2018;04/06/2018;13;14;57
625;07/10/2018;30/09/2018;23;25;11
626;15/12/2017;08/12/2017;24;25;70
627;28/07/2018;21/07/2018;5;25;60
628;28/03/2018;21/03/2018;6;25;73
629;27/03/2018;20/03/2018;10;25;184
630;26/02/2018;19/02/2018;23;14;84
631;04/10/2018;27/09/2018;6;25;83
632;07/09/2018;31/08/2018;6;14;108
633;26/07/2018;19/07/2018;20;14;192
634;24/04/2018;17/04/2018;0;25;193
635;06/08/2018;30/07/2018;6;14;154
636;28/01/2018;21/01/2018;1;14;173
637;04/04/2018;28/03/2018;16;25;133
638;26/10/2018;19/10/2018;5;14;61
639;30/11/2017;23/11/2017;21;14;85
640;11/09/2018;04/09/2018;3;25;163
641;09/08/2018;02/08/2018;1;14;121
642;29/03/2018;22/03/2018;11;25;45
643;23/07/2018;16/07/2018;18;25;33
644;29/07/2018;22/07/2018;20;14;17
645;05/01/2018;29/12/2017;3;14;130
646;29/12/2017;22/12/2017;4;14;118
647;28/08/2018;21/08/2018;4;14;158
648;03/11/2018;27/10/2018;15;14;116
649;18/11/2017;11/11/2017;3;14;26
650;28/12/2017;21/12/2017;23;14;129
651;04/05/2018;27/04/2018;20;14;108
652;22/09/2018;15/09/2018;22;14;114
653;14/12/2017;07/12/2017;12;14;189
654;16/12/2017;09/12/2017;17;25;41
655;03/03/2018;24/02/2018;12;25;135
656;01/07/2018;24/06/2018;1;25;99
657;10/05/2018;03/05/2018;2;25;131
658;11/12/2017;04/12/2017;23;25;32
659;19/07/2018;12/07/2018;15;25;31
660;20/12/2017;13/12/2017;0;25;138
661;18/01/2018;11/01/2018;5;25;38
662;15/12/2017;08/12/2017;14;25;0
663;30/01/2018;23/01/2018;6;14;159
664;01/12/2017;24/11/2017;2;14;28
665;26/10/2018;19/10/2018;13;25;39
666;12/05/2018;05/05/2018;3;14;44
667;12/09/2018;05/09/2018;17;14;5
668;05/09/2018;29/08/2018;15;14;22
669;02/01/2018;26/12/2017;9;14;120
670;28/06/2018;21/06/2018;16;14;98
671;26/11/2017;19/11/2017;11;14;56
672;01/02/2018;25/01/2018;9;14;203
673;10/12/2017;03/12/2017;5;14;74
674;21/01/2018;14/01/2018;22;14;157
675;03/12/2017;26/11/2017;9;25;52
676;12/11/2018;05/11/2018;6;25;164
677;21/04/2018;14/04/2018;11;14;89
678;23/09/2018;16/09/2018;1;14;19
679;27/01/2018;20/01/2018;24;25;208
680;04/04/2018;28/03/2018;22;14;71
681;30/03/2018;23/03/2018;3;25;174
682;25/09/2018;18/09/2018;23;25;54
683;04/12/2017;27/11/2017;14;25;105
684;18/12/2017;11/12/2017;16;14;18
685;29/11/2017;22/11/2017;13;14;14
686;30/07/2018;23/07/2018;7;14;28
687;14/05/2018;07/05/2018;10;25;31
688;24/12/2017;17/12/2017;17;14;4
689;04/05/2018;27/04/2018;13;14;83
690;29/03/2018;22/03/2018;14;25;128
691;08/12/2017;01/12/2017;12;14;16
692;04/01/2018;28/12/2017;0;14;189
693;13/11/2018;06/11/2018;0;14;8
694;02/04/2018;26/03/2018;23;14;28
695;02/07/2018;25/06/2018;1;25;82
696;13/02/2018;06/02/2018;24;25;172
697;30/09/2018;23/09/2018;14;25;171
698;31/07/2018;24/07/2018;8;25;208
699;14/07/2018;07/07/2018;2;25;142
700;19/12/2017;12/12/2017;7;25;71
701;17/05/2018;10/05/2018;18;25;210
702;11/10/2018;04/10/2018;0;14;7
703;24/10/2018;17/10/2018;14;25;111
704;31/10/2018;24/10/2018;6;25;46
705;30/05/2018;23/05/2018;5;25;104
706;09/06/2018;02/06/2018;24;25;107
707;12/01/2018;05/01/2018;15;25;210
708;01/12/2017;24/11/2017;13;14;164
709;09/06/2018;02/06/2018;22;14;192
710;25/10/2018;18/10/2018;16;14;122
711;15/06/2018;08/06/2018;3;14;91
712;27/03/2018;20/03/2018;15;14;17
713;27/06/2018;20/06/2018;8;14;146
714;04/11/2018;28/10/2018;1;14;187
715;17/03/2018;10/03/2018;8;25;15
716;11/12/2017;04/12/2017;21;25;73
717;20/12/2017;13/12/2017;18;25;1
718;24/06/2018;17/06/2018;10;25;148
719;22/04/2018;15/04/2018;23;25;51
720;12/02/2018;05/02/2018;16;14;5
721;14/07/2018;07/07/2018;7;25;35
722;17/03/2018;10/03/2018;16;14;21
723;07/09/2018;31/08/2018;24;14;12
724;15/10/2018;08/10/2018;4;25;107
725;27/10/2018;20/10/2018;13;14;54
726;22/04/2018;15/04/2018;4;14;127
727;13/12/2017;06/12/2017;11;25;80
728;19/12/2017;12/12/2017;14;14;6
729;25/10/2018;18/10/2018;1;14;172
730;04/06/2018;28/05/2018;19;25;56
731;29/12/2017;22/12/2017;6;14;173
732;26/02/2018;19/02/2018;10;25;120
733;21/11/2017;14/11/2017;19;25;197
734;21/11/2017;14/11/2017;24;14;94
735;16/10/2018;09/10/2018;11;14;149
736;14/09/2018;07/09/2018;18;14;91
737;17/08/2018;10/08/2018;11;14;67
738;25/03/2018;18/03/2018;4;14;138
739;27/05/2018;20/05/2018;12;14;204
740;14/03/2018;07/03/2018;15;14;19
741;06/07/2018;29/06/2018;2;14;91
742;09/12/2017;02/12/2017;2;14;93
743;09/04/2018;02/04/2018;7;14;57
744;02/02/2018;26/01/2018;22;25;60
745;14/01/2018;07/01/2018;11;25;175
746;23/06/2018;16/06/2018;16;25;133
747;22/12/2017;15/12/2017;6;25;74
748;16/11/2017;09/11/2017;18;25;26
749;06/05/2018;29/04/2018;6;25;111
750;17/08/2018;10/08/2018;8;25;104
751;08/04/2018;01/04/2018;2;25;183
752;27/12/2017;20/12/2017;11;25;74
753;30/01/2018;23/01/2018;15;14;14
754;24/12/2017;17/12/2017;15;14;113
755;08/03/2018;01/03/2018;2;25;92
756;01/04/2018;25/03/2018;14;14;167
757;06/01/2018;30/12/2017;23;14;152
758;11/04/2018;04/04/2018;11;14;31
759;08/09/2018;01/09/2018;18;14;96
760;06/06/2018;30/05/2018;16;14;15
761;02/04/2018;26/03/2018;12;14;10
762;19/05/2018;12/05/2018;16;14;21
763;26/05/2018;19/05/2018;7;14;34
764;19/11/2017;12/11/2017;21;14;179
765;29/06/2018;22/06/2018;19;25;86
766;18/12/2017;11/12/2017;2;25;89
767;24/08/2018;17/08/2018;7;14;186
768;15/07/2018;08/07/2018;18;14;172
769;25/09/2018;18/09/2018;3;25;27
770;17/12/2017;10/12/2017;10;14;45
771;02/05/2018;25/04/2018;12;25;179
772;26/09/2018;19/09/2018;23;25;91
773;01/07/2018;24/06/2018;7;25;113
774;25/05/2018;18/05/2018;1;14;110
775;25/01/2018;18/01/2018;6;14;55
776;25/01/2018;18/01/2018;15;14;108
777;12/07/2018;05/07/2018;24;25;139
778;19/03/2018;12/03/2018;24;14;67
779;20/05/2018;13/05/2018;20;14;167
780;12/08/2018;05/08/2018;23;25;194
781;25/06/2018;18/06/2018;3;14;126
782;08/03/2018;01/03/2018;6;14;164
783;15/01/2018;08/01/2018;16;14;180
784;02/04/2018;26/03/2018;11;14;25
785;15/09/2018;08/09/2018;11;25;13
786;05/04/2018;29/03/2018;3;25;137
787;17/02/2018;10/02/2018;18;25;9
788;19/10/2018;12/10/2018;16;25;151
789;21/03/2018;14/03/2018;7;25;187
790;08/06/2018;01/06/2018;6;25;4
791;03/01/2018;27/12/2017;13;25;78
792;17/09/2018;10/09/2018;2;14;70
793;31/03/2018;24/03/2018;13;25;175
794;12/05/2018;05/05/2018;12;25;74
795;06/06/2018;30/05/2018;3;25;44
796;01/06/2018;25/05/2018;19;25;173
797;07/04/2018;31/03/2018;1;25;136
798;04/09/2018;28/08/2018;15;14;118
799;28/04/2018;21/04/2018;16;14;194
800;19/07/2018;12/07/2018;22;14;87
801;18/09/2018;11/09/2018;18;14;97
802;03/01/2018;27/12/2017;1;14;10
803;09/11/2017;02/11/2017;3;14;33
804;25/09/2018;18/09/2018;5;14;146
805;20/01/2018;13/01/2018;19;25;6
806;14/01/2018;07/01/2018;8;25;97
807;09/09/2018;02/09/2018;15;25;27
808;02/06/2018;26/05/2018;6;25;100
809;19/03/2017;12/03/2017;8;25;32
810;19/08/2017;12/08/2017;7;14;30
811;17/06/2018;10/06/2018;17;25;8
812;02/04/2017;26/03/2017;4;14;141
813;01/02/2017;25/01/2017;7;14;146
814;10/01/2018;03/01/2018;19;25;135
815;23/05/2018;16/05/2018;96;14;119
816;03/02/2017;27/01/2017;77;14;164
817;24/10/2018;17/10/2018;95;25;191
818;08/06/2017;01/06/2017;28;14;52
819;28/12/2017;21/12/2017;18;14;3
820;09/08/2018;02/08/2018;80;25;90
821;12/11/2017;05/11/2017;94;14;30
822;09/06/2018;02/06/2018;3;25;140
823;13/06/2017;06/06/2017;67;25;143
824;11/11/2018;04/11/2018;35;14;208
825;27/10/2017;20/10/2017;54;14;35
826;14/08/2018;07/08/2018;75;14;141
827;02/01/2018;26/12/2017;2;14;33
828;06/03/2018;27/02/2018;73;14;160
829;26/10/2017;19/10/2017;75;14;58
830;06/10/2017;29/09/2017;26;14;53
831;29/03/2018;22/03/2018;50;14;91
832;23/05/2018;16/05/2018;95;14;125
833;06/04/2018;30/03/2018;34;14;176
834;15/02/2018;08/02/2018;9;25;111
835;30/11/2017;23/11/2017;67;25;110
836;19/10/2017;12/10/2017;38;25;114
837;07/02/2018;31/01/2018;75;25;83
838;29/05/2017;22/05/2017;37;25;173
839;06/01/2018;30/12/2017;0;25;67
840;23/01/2018;16/01/2018;80;25;102
841;03/03/2018;24/02/2018;78;25;112
842;29/10/2017;22/10/2017;62;25;133
843;03/09/2018;27/08/2018;61;14;181
844;28/06/2018;21/06/2018;6;14;96
845;22/10/2018;15/10/2018;6;25;198
846;12/07/2017;05/07/2017;83;14;210
847;05/02/2018;29/01/2018;63;14;180
848;22/08/2017;15/08/2017;93;14;43
849;21/09/2018;14/09/2018;86;14;185
850;24/08/2017;17/08/2017;19;14;98
851;04/07/2018;27/06/2018;8;14;111
852;01/09/2018;25/08/2018;43;14;41
853;13/01/2018;06/01/2018;95;14;144
854;24/12/2017;17/12/2017;33;14;2
855;24/08/2017;17/08/2017;4;25;15
856;12/07/2017;05/07/2017;100;25;188
857;17/02/2017;10/02/2017;97;14;138
858;07/07/2018;30/06/2018;96;14;187
859;07/04/2018;31/03/2018;39;25;14
860;25/12/2017;18/12/2017;31;14;131
861;10/01/2018;03/01/2018;7;25;158
862;05/03/2018;26/02/2018;1;25;45
863;08/08/2018;01/08/2018;27;25;212
864;30/05/2017;23/05/2017;90;14;40
865;14/12/2017;07/12/2017;6;14;78
866;01/03/2017;22/02/2017;46;14;107
867;24/05/2017;17/05/2017;40;25;33
868;04/06/2018;28/05/2018;58;14;210
869;31/05/2018;24/05/2018;29;14;127
870;19/02/2017;12/02/2017;94;25;126
871;01/09/2017;25/08/2017;79;14;36
872;19/07/2018;12/07/2018;79;14;64
873;20/11/2017;13/11/2017;40;14;3
874;24/09/2018;17/09/2018;85;14;17
875;15/01/2017;08/01/2017;23;25;32
876;03/02/2018;27/01/2018;12;25;115
877;05/03/2018;26/02/2018;2;25;116
878;10/07/2018;03/07/2018;63;25;124
879;20/02/2017;13/02/2017;54;25;184
880;03/11/2017;27/10/2017;69;25;20
881;27/03/2017;20/03/2017;83;25;116
882;31/01/2018;24/01/2018;43;14;23
883;26/06/2017;19/06/2017;31;25;51
884;10/08/2017;03/08/2017;25;25;37
885;21/01/2017;14/01/2017;70;25;198
886;16/01/2017;09/01/2017;21;25;127
887;06/03/2017;27/02/2017;72;25;58
888;20/02/2018;13/02/2018;46;14;59
889;01/08/2018;25/07/2018;23;14;35
890;16/02/2017;09/02/2017;42;14;59
891;05/09/2017;29/08/2017;8;14;81
892;19/07/2017;12/07/2017;16;14;47
893;14/01/2018;07/01/2018;48;14;3
894;23/08/2018;16/08/2018;69;14;133
895;15/01/2018;08/01/2018;98;25;113
896;30/09/2017;23/09/2017;51;25;145
897;15/10/2017;08/10/2017;10;25;181
898;13/06/2017;06/06/2017;24;25;87
899;01/06/2018;25/05/2018;29;25;180
900;17/03/2018;10/03/2018;72;14;13
901;21/09/2017;14/09/2017;66;25;119
902;18/06/2017;11/06/2017;50;14;69
903;05/01/2018;29/12/2017;94;14;136
904;14/09/2018;07/09/2018;19;25;4
905;20/05/2017;13/05/2017;35;14;8
906;17/10/2018;10/10/2018;87;14;129
907;03/12/2017;26/11/2017;70;25;160
908;20/04/2018;13/04/2018;38;14;109
909;30/05/2017;23/05/2017;79;14;122
910;19/08/2017;12/08/2017;49;25;96
911;24/06/2017;17/06/2017;71;14;81
912;10/07/2018;03/07/2018;77;25;183
913;04/12/2017;27/11/2017;83;25;83
914;11/03/2017;04/03/2017;40;14;171
915;26/02/2018;19/02/2018;41;14;141
916;21/01/2017;14/01/2017;16;14;39
917;21/12/2017;14/12/2017;34;14;16
918;09/03/2018;02/03/2018;77;14;13
919;30/06/2017;23/06/2017;46;14;195
920;24/10/2017;17/10/2017;3;14;48
921;24/06/2017;17/06/2017;19;14;129
922;01/01/2018;25/12/2017;64;14;4
923;28/06/2018;21/06/2018;92;14;202
924;30/06/2017;23/06/2017;7;25;111
925;18/12/2017;11/12/2017;23;25;201
926;11/12/2017;04/12/2017;46;25;130
927;07/02/2017;31/01/2017;18;25;74
928;09/05/2018;02/05/2018;81;25;133
929;06/08/2018;30/07/2018;45;25;185
930;17/02/2018;10/02/2018;42;25;207
931;31/05/2018;24/05/2018;71;25;196
932;06/10/2018;29/09/2018;15;25;201
933;11/06/2018;04/06/2018;0;14;6
934;06/02/2018;30/01/2018;28;14;135
935;24/07/2018;17/07/2018;62;25;7
936;03/01/2018;27/12/2017;85;14;210
937;25/07/2017;18/07/2017;32;14;154
938;11/02/2018;04/02/2018;64;14;8
939;31/07/2018;24/07/2018;94;14;62
940;14/09/2018;07/09/2018;3;14;24
941;06/05/2018;29/04/2018;7;14;164
942;05/09/2018;29/08/2018;92;14;190
943;19/03/2017;12/03/2017;78;14;3
944;26/09/2017;19/09/2017;95;14;60
945;02/11/2017;26/10/2017;4;25;160
946;14/11/2017;07/11/2017;77;25;101
947;16/05/2018;09/05/2018;39;14;125
948;10/11/2018;03/11/2018;69;14;164
949;20/05/2018;13/05/2018;57;25;201
950;09/04/2018;02/04/2018;36;14;182
951;08/01/2017;01/01/2017;11;25;105
952;06/04/2018;30/03/2018;95;25;92
953;25/01/2017;18/01/2017;45;25;41
954;03/04/2017;27/03/2017;8;14;89
955;11/02/2017;04/02/2017;27;14;72
956;13/11/2017;06/11/2017;98;14;157
957;30/08/2018;23/08/2018;39;25;25
958;10/04/2017;03/04/2017;62;14;131
959;19/06/2017;12/06/2017;20;14;9
960;12/01/2018;05/01/2018;31;25;188
961;13/10/2017;06/10/2017;31;14;189
962;15/10/2018;08/10/2018;44;14;152
963;25/07/2018;18/07/2018;51;14;88
964;27/03/2017;20/03/2017;49;14;146
965;21/05/2018;14/05/2018;14;25;32
966;29/10/2018;22/10/2018;51;25;64
967;25/02/2018;18/02/2018;30;25;201
968;20/10/2018;13/10/2018;96;25;13
969;20/11/2017;13/11/2017;47;25;9
970;07/12/2017;30/11/2017;66;25;57
971;15/03/2017;08/03/2017;23;25;13
972;17/03/2018;10/03/2018;54;14;89
973;22/04/2017;15/04/2017;63;25;7
974;17/05/2017;10/05/2017;16;25;29
975;10/12/2017;03/12/2017;58;25;81
976;28/11/2017;21/11/2017;6;25;69
977;09/01/2018;02/01/2018;100;25;115
978;07/06/2018;31/05/2018;84;14;171
979;28/12/2017;21/12/2017;64;14;129
980;04/06/2018;28/05/2018;66;14;57
981;16/09/2018;09/09/2018;19;14;116
982;27/05/2018;20/05/2018;13;14;211
983;05/05/2017;28/04/2017;70;14;105
984;04/02/2017;28/01/2017;75;14;176
985;27/08/2018;20/08/2018;40;25;5
986;28/01/2017;21/01/2017;71;25;123
987;25/06/2018;18/06/2018;33;25;143
988;18/01/2017;11/01/2017;55;25;140
989;17/07/2018;10/07/2018;61;25;180
990;08/01/2018;01/01/2018;67;14;141
991;08/03/2018;01/03/2018;12;25;192
992;30/09/2018;23/09/2018;93;14;27
993;06/08/2018;30/07/2018;88;14;168
994;16/05/2017;09/05/2017;16;25;83
995;04/03/2017;25/02/2017;56;14;29
996;05/09/2017;29/08/2017;52;14;80
997;28/05/2018;21/05/2018;60;25;191
998;05/04/2018;29/03/2018;50;14;196
999;03/07/2017;26/06/2017;47;14;36
1000;12/02/2018;05/02/2018;82;25;149
1001;29/03/2017;22/03/2017;40;14;13
1002;13/05/2018;06/05/2018;60;25;180
1003;23/04/2018;16/04/2018;55;25;112
1004;14/02/2017;07/02/2017;56;14;61
1005;15/08/2018;08/08/2018;24;14;68
1006;26/03/2018;19/03/2018;22;14;0
1007;21/05/2017;14/05/2017;16;14;171
1008;27/03/2017;20/03/2017;83;14;13
1009;04/06/2018;28/05/2018;37;14;149
1010;04/03/2017;25/02/2017;4;14;153
1011;25/10/2017;18/10/2017;15;14;31
1012;12/09/2017;05/09/2017;70;14;105
1013;31/08/2018;24/08/2018;99;14;19
1014;09/05/2018;02/05/2018;78;25;92
1015;18/05/2018;11/05/2018;28;25;205
1016;07/07/2017;30/06/2017;98;25;25
1017;05/08/2017;29/07/2017;37;25;146
1018;17/10/2018;10/10/2018;46;25;103
1019;31/12/2017;24/12/2017;91;25;169
1020;30/05/2017;23/05/2017;58;25;7
1021;24/05/2018;17/05/2018;2;25;17
1022;08/09/2018;01/09/2018;2;25;45
1023;29/12/2017;22/12/2017;30;14;141
1024;15/04/2018;08/04/2018;60;14;137
1025;18/09/2017;11/09/2017;19;25;56
1026;05/01/2018;29/12/2017;96;14;123
1027;19/02/2017;12/02/2017;6;14;73
1028;16/01/2017;09/01/2017;60;14;155
1029;14/04/2017;07/04/2017;50;14;99
1030;14/01/2018;07/01/2018;81;14;28
1031;02/11/2018;26/10/2018;6;14;167
1032;06/04/2018;30/03/2018;51;14;173
1033;18/06/2017;11/06/2017;59;14;108
1034;09/06/2018;02/06/2018;56;14;54
1035;28/08/2018;21/08/2018;79;25;87
1036;12/05/2017;05/05/2017;51;25;52
1037;23/05/2017;16/05/2017;40;14;106
1038;25/07/2018;18/07/2018;68;14;37
1039;04/04/2017;28/03/2017;26;25;156
1040;02/03/2018;23/02/2018;64;14;118
1041;31/03/2018;24/03/2018;90;25;8
1042;10/11/2018;03/11/2018;78;25;61
1043;20/05/2018;13/05/2018;76;25;35
1044;10/04/2018;03/04/2018;12;14;184
1045;21/08/2018;14/08/2018;77;14;199
1046;09/12/2017;02/12/2017;27;14;148
1047;12/05/2017;05/05/2017;65;25;93
1048;21/06/2017;14/06/2017;93;14;23
1049;11/03/2017;04/03/2017;93;14;193
1050;25/03/2018;18/03/2018;4;25;87
1051;17/11/2017;10/11/2017;36;14;118
1052;17/03/2017;10/03/2017;91;14;0
1053;24/10/2017;17/10/2017;97;14;103
1054;19/05/2018;12/05/2018;42;14;188
1055;31/08/2017;24/08/2017;57;25;187
1056;23/07/2017;16/07/2017;29;25;178
1057;18/03/2017;11/03/2017;82;25;205
1058;11/08/2017;04/08/2017;89;25;69
1059;16/06/2017;09/06/2017;29;25;178
1060;28/06/2017;21/06/2017;74;25;30
1061;24/04/2018;17/04/2018;47;25;154
1062;11/10/2018;04/10/2018;35;14;5
1063;01/02/2017;25/01/2017;73;25;94
1064;26/02/2017;19/02/2017;55;25;37
1065;01/03/2018;22/02/2018;8;25;83
1066;17/04/2018;10/04/2018;31;25;99
1067;06/04/2018;30/03/2018;69;25;44
1068;27/09/2018;20/09/2018;34;14;125
1069;19/06/2017;12/06/2017;68;14;11
1070;07/09/2018;31/08/2018;9;14;1
1071;13/09/2017;06/09/2017;22;14;65
1072;24/07/2018;17/07/2018;99;14;160
1073;02/04/2018;26/03/2018;84;14;150
1074;24/06/2017;17/06/2017;64;14;190
1075;30/09/2018;23/09/2018;42;25;24
1076;05/08/2018;29/07/2018;20;25;105
1077;12/04/2017;05/04/2017;89;25;73
1078;25/09/2017;18/09/2017;67;25;206
1079;26/10/2017;19/10/2017;66;25;35
1080;13/09/2018;06/09/2018;75;14;172
1081;11/03/2017;04/03/2017;12;25;159
1082;01/03/2018;22/02/2018;56;14;113
1083;14/08/2017;07/08/2017;69;14;179
1084;02/10/2018;25/09/2018;60;25;174
1085;26/05/2017;19/05/2017;49;14;88
1086;07/06/2017;31/05/2017;84;14;55
1087;03/01/2018;27/12/2017;64;25;119
1088;22/11/2017;15/11/2017;28;14;19
1089;06/05/2018;29/04/2018;68;14;173
1090;29/08/2018;22/08/2018;39;25;73
1091;18/02/2018;11/02/2018;40;14;97
1092;03/05/2018;26/04/2018;47;25;43
1093;11/06/2018;04/06/2018;7;25;175
1094;15/04/2017;08/04/2017;47;14;0
1095;12/02/2017;05/02/2017;89;14;163
1096;18/04/2018;11/04/2018;90;14;10
1097;07/05/2018;30/04/2018;29;14;4
1098;28/12/2017;21/12/2017;63;14;145
1099;04/01/2018;28/12/2017;37;14;35
1100;25/04/2017;18/04/2017;14;14;102
1101;19/05/2017;12/05/2017;10;14;22
1102;03/07/2018;26/06/2018;58;14;45
1103;06/02/2018;30/01/2018;28;14;90
1104;16/09/2018;09/09/2018;64;25;171
1105;20/06/2017;13/06/2017;72;25;66
1106;14/06/2017;07/06/2017;12;25;125
1107;29/08/2018;22/08/2018;54;25;86
1108;15/09/2018;08/09/2018;27;25;97
1109;14/10/2018;07/10/2018;4;25;162
1110;04/08/2017;28/07/2017;87;25;117
1111;27/01/2017;20/01/2017;79;25;11
1112;31/08/2018;24/08/2018;82;25;162
1113;22/03/2018;15/03/2018;90;14;23
1114;06/09/2017;30/08/2017;77;14;92
1115;17/07/2018;10/07/2018;77;25;10
1116;06/09/2018;30/08/2018;70;14;191
1117;10/08/2017;03/08/2017;64;14;92
1118;28/05/2017;21/05/2017;60;14;139
1119;12/05/2017;05/05/2017;40;14;116
1120;19/02/2017;12/02/2017;1;14;118
1121;30/07/2018;23/07/2018;5;14;36
1122;15/04/2018;08/04/2018;92;14;26
1123;25/01/2017;18/01/2017;31;14;193
1124;18/07/2018;11/07/2018;10;14;4
1125;07/02/2017;31/01/2017;37;25;25
1126;03/02/2017;27/01/2017;84;25;143
1127;14/12/2017;07/12/2017;41;14;41
1128;08/02/2018;01/02/2018;99;14;98
1129;30/05/2017;23/05/2017;33;25;16
1130;31/03/2017;24/03/2017;41;14;201
1131;01/10/2017;24/09/2017;13;25;30
1132;08/10/2018;01/10/2018;70;25;197
1133;27/10/2017;20/10/2017;30;25;154
1134;19/12/2017;12/12/2017;2;14;29
1135;27/06/2017;20/06/2017;40;14;188
1136;02/04/2018;26/03/2018;23;14;88
1137;18/10/2017;11/10/2017;29;25;141
1138;30/09/2018;23/09/2018;50;14;59
1139;15/05/2017;08/05/2017;64;14;117
1140;02/03/2018;23/02/2018;13;25;146
1141;10/11/2017;03/11/2017;91;14;92
1142;05/09/2018;29/08/2018;5;14;139
1143;11/02/2017;04/02/2017;89;14;59
1144;11/08/2018;04/08/2018;71;14;3
1145;25/03/2018;18/03/2018;52;25;51
1146;11/01/2017;04/01/2017;72;25;63
1147;14/07/2018;07/07/2018;56;25;137
1148;22/06/2017;15/06/2017;97;25;163
1149;14/07/2018;07/07/2018;29;25;202
1150;08/09/2018;01/09/2018;99;25;146
1151;17/07/2018;10/07/2018;49;25;89
1152;29/09/2017;22/09/2017;55;14;4
1153;17/04/2018;10/04/2018;62;25;47
1154;24/03/2017;17/03/2017;55;25;151
1155;29/08/2018;22/08/2018;62;25;176
1156;22/04/2018;15/04/2018;8;25;13
1157;11/10/2018;04/10/2018;18;25;107
1158;24/03/2018;17/03/2018;53;14;67
1159;06/03/2018;27/02/2018;95;14;136
1160;11/08/2018;04/08/2018;91;14;63
1161;23/10/2018;16/10/2018;67;14;140
1162;16/09/2018;09/09/2018;93;14;16
1163;29/01/2018;22/01/2018;9;14;163
1164;17/07/2018;10/07/2018;100;14;111
1165;21/05/2017;14/05/2017;52;25;55
1166;20/01/2018;13/01/2018;47;25;32
1167;16/12/2017;09/12/2017;74;25;111
1168;31/07/2018;24/07/2018;66;25;107
1169;17/03/2018;10/03/2018;48;25;137
1170;01/10/2017;24/09/2017;0;14;83
1171;02/07/2018;25/06/2018;69;25;94
1172;04/12/2017;27/11/2017;92;14;87
1173;29/08/2018;22/08/2018;91;14;91
1174;28/06/2018;21/06/2018;100;25;34
1175;04/03/2017;25/02/2017;72;14;118
1176;08/05/2018;01/05/2018;94;14;124
1177;19/03/2017;12/03/2017;2;25;12
1178;19/05/2017;12/05/2017;100;14;70
1179;14/07/2018;07/07/2018;10;14;76
1180;04/02/2017;28/01/2017;15;25;180
1181;30/01/2017;23/01/2017;43;14;157
1182;16/02/2017;09/02/2017;41;25;197
1183;25/03/2017;18/03/2017;81;25;4
1184;18/03/2018;11/03/2018;35;14;60
1185;05/11/2018;29/10/2018;94;14;1
1186;23/02/2018;16/02/2018;35;14;173
1187;07/08/2017;31/07/2017;37;14;76
1188;17/06/2018;10/06/2018;46;14;142
1189;25/10/2017;18/10/2017;91;14;44
1190;18/02/2017;11/02/2017;98;14;59
1191;08/10/2018;01/10/2018;57;14;18
1192;22/09/2018;15/09/2018;5;14;102
1193;10/08/2017;03/08/2017;20;14;77
1194;24/11/2017;17/11/2017;87;25;99
1195;18/06/2017;11/06/2017;79;25;72
1196;01/02/2018;25/01/2018;71;25;70
1197;29/10/2017;22/10/2017;81;25;96
1198;08/02/2017;01/02/2017;72;25;172
1199;25/10/2018;18/10/2018;84;25;173
1200;17/08/2017;10/08/2017;67;25;134
1201;29/06/2018;22/06/2018;53;25;175
1202;10/12/2017;03/12/2017;39;25;127
1203;12/06/2018;05/06/2018;65;14;32
1204;16/09/2018;09/09/2018;100;14;186
1205;31/03/2018;24/03/2018;41;25;72
1206;11/09/2017;04/09/2017;53;14;203
1207;20/09/2017;13/09/2017;60;14;48
1208;28/02/2018;21/02/2018;45;14;149
1209;31/10/2018;24/10/2018;94;14;42
1210;10/04/2017;03/04/2017;69;14;36
1211;09/06/2017;02/06/2017;68;14;205
1212;25/06/2017;18/06/2017;77;14;203
1213;23/02/2018;16/02/2018;87;14;117
1214;28/12/2017;21/12/2017;4;14;62
1215;09/10/2018;02/10/2018;85;25;54
1216;03/12/2017;26/11/2017;70;25;161
1217;18/12/2017;11/12/2017;31;14;138
1218;12/05/2018;05/05/2018;3;14;184
1219;14/07/2017;07/07/2017;1;25;183
1220;09/11/2017;02/11/2017;98;14;48
1221;30/03/2017;23/03/2017;50;25;9
1222;12/09/2017;05/09/2017;17;25;118
1223;05/08/2018;29/07/2018;99;25;158
1224;17/02/2018;10/02/2018;96;14;172
1225;19/07/2017;12/07/2017;46;14;203
1226;27/02/2018;20/02/2018;68;14;193
1227;20/08/2017;13/08/2017;22;25;95
1228;13/04/2018;06/04/2018;93;14;58
1229;24/04/2018;17/04/2018;89;14;140
1230;17/02/2018;10/02/2018;39;25;36
1231;04/07/2018;27/06/2018;7;14;102
1232;20/04/2018;13/04/2018;68;14;132
1233;03/06/2018;27/05/2018;44;14;211
1234;01/07/2018;24/06/2018;23;14;88
1235;31/01/2017;24/01/2017;53;25;41
1236;11/09/2018;04/09/2018;15;25;154
1237;07/09/2018;31/08/2018;12;25;79
1238;24/09/2018;17/09/2018;16;25;100
1239;04/07/2018;27/06/2018;87;25;177
1240;18/01/2017;11/01/2017;70;25;89
1241;28/12/2017;21/12/2017;44;25;95
1242;11/04/2017;04/04/2017;15;14;150
1243;15/08/2018;08/08/2018;85;25;15
1244;14/09/2018;07/09/2018;54;25;157
1245;24/01/2017;17/01/2017;81;25;9
1246;01/03/2018;22/02/2018;61;25;207
1247;01/07/2018;24/06/2018;24;25;74
1248;10/10/2018;03/10/2018;64;14;69
1249;18/07/2018;11/07/2018;28;14;64
1250;08/02/2017;01/02/2017;60;14;99
1251;27/05/2018;20/05/2018;83;14;120
1252;20/06/2017;13/06/2017;94;14;0
1253;13/02/2018;06/02/2018;37;14;95
1254;17/05/2018;10/05/2018;9;14;108
1255;26/11/2017;19/11/2017;87;25;129
1256;02/09/2018;26/08/2018;53;25;194
1257;16/06/2017;09/06/2017;86;25;166
1258;23/08/2017;16/08/2017;29;25;126
1259;16/01/2018;09/01/2018;88;25;58
1260;24/09/2017;17/09/2017;11;14;28
1261;26/01/2018;19/01/2018;95;25;81
1262;21/03/2017;14/03/2017;79;14;115
1263;12/09/2018;05/09/2018;46;14;187
1264;03/01/2018;27/12/2017;11;25;179
1265;17/11/2018;10/11/2018;52;14;197
1266;28/09/2018;21/09/2018;2;14;7
1267;05/08/2017;29/07/2017;6;25;151
1268;19/06/2017;12/06/2017;83;14;2
1269;06/02/2017;30/01/2017;92;14;164
1270;18/01/2017;11/01/2017;44;25;11
1271;17/09/2017;10/09/2017;63;14;13
1272;24/05/2017;17/05/2017;90;25;124
1273;27/07/2017;20/07/2017;38;25;127
1274;29/05/2017;22/05/2017;50;14;120
1275;11/07/2018;04/07/2018;91;14;26
1276;12/03/2018;05/03/2018;48;14;140
1277;24/08/2018;17/08/2018;4;14;141
1278;02/03/2018;23/02/2018;15;14;12
1279;27/08/2017;20/08/2017;86;14;90
1280;10/12/2017;03/12/2017;29;14;26
1281;04/11/2018;28/10/2018;17;14;14
1282;16/01/2017;09/01/2017;74;14;131
1283;31/01/2017;24/01/2017;63;14;154
1284;01/03/2017;22/02/2017;31;25;194
1285;11/05/2017;04/05/2017;89;25;158
1286;23/05/2017;16/05/2017;59;25;70
1287;19/03/2018;12/03/2018;64;25;52
1288;02/05/2018;25/04/2018;25;25;78
1289;09/07/2017;02/07/2017;46;25;75
1290;11/12/2017;04/12/2017;6;25;94
1291;19/08/2017;12/08/2017;69;25;32
1292;21/04/2018;14/04/2018;80;25;129
1293;27/05/2018;20/05/2018;4;14;13
1294;30/10/2018;23/10/2018;37;14;119
1295;28/06/2018;21/06/2018;31;25;67
1296;03/08/2018;27/07/2018;46;14;195
1297;22/01/2017;15/01/2017;14;14;203
1298;03/04/2017;27/03/2017;77;14;181
1299;20/07/2017;13/07/2017;43;14;191
1300;07/09/2018;31/08/2018;71;14;23
1301;18/10/2017;11/10/2017;71;14;132
1302;15/01/2018;08/01/2018;35;14;68
1303;15/11/2017;08/11/2017;38;14;173
1304;19/10/2017;12/10/2017;46;14;110
1305;04/05/2017;27/04/2017;96;25;9
1306;22/03/2017;15/03/2017;82;25;212
1307;16/01/2017;09/01/2017;6;14;13
1308;11/10/2018;04/10/2018;39;14;61
1309;18/04/2017;11/04/2017;91;25;7
1310;04/02/2017;28/01/2017;13;14;121
1311;15/06/2018;08/06/2018;13;25;66
1312;29/07/2018;22/07/2018;93;25;82
1313;03/11/2018;27/10/2018;17;25;86
1314;21/04/2018;14/04/2018;2;14;0
1315;09/10/2018;02/10/2018;57;14;133
1316;21/11/2017;14/11/2017;50;14;136
1317;02/02/2018;26/01/2018;11;25;102
1318;24/07/2017;17/07/2017;24;14;13
1319;19/01/2017;12/01/2017;69;14;89
1320;07/01/2018;31/12/2017;51;25;150
1321;04/03/2018;25/02/2018;62;14;86
1322;09/07/2018;02/07/2018;70;14;48
1323;26/06/2017;19/06/2017;6;14;204
1324;19/02/2017;12/02/2017;85;14;62
1325;27/03/2018;20/03/2018;32;25;81
1326;31/03/2017;24/03/2017;12;25;73
1327;16/11/2018;09/11/2018;21;25;172
1328;30/08/2018;23/08/2018;3;25;35
1329;06/05/2017;29/04/2017;62;25;211
1330;25/07/2018;18/07/2018;38;25;7
1331;02/06/2017;26/05/2017;32;25;1
1332;15/01/2017;08/01/2017;13;14;159
1333;27/07/2018;20/07/2018;11;25;121
1334;07/04/2018;31/03/2018;68;25;90
1335;11/03/2018;04/03/2018;17;25;172
1336;22/01/2017;15/01/2017;63;25;88
1337;16/04/2017;09/04/2017;43;25;131
1338;02/01/2018;26/12/2017;89;14;159
1339;03/07/2017;26/06/2017;79;14;42
1340;02/04/2018;26/03/2018;3;14;64
1341;01/07/2017;24/06/2017;92;14;170
1342;08/01/2018;01/01/2018;86;14;54
1343;13/06/2017;06/06/2017;69;14;63
1344;21/11/2017;14/11/2017;40;14;180
1345;19/03/2018;12/03/2018;49;25;191
1346;21/03/2018;14/03/2018;30;25;151
1347;13/01/2018;06/01/2018;95;25;96
1348;29/01/2018;22/01/2018;46;25;176
1349;29/07/2018;22/07/2018;60;25;197
1350;12/08/2017;05/08/2017;2;14;36
1351;08/05/2017;01/05/2017;8;25;212
1352;08/05/2018;01/05/2018;25;14;178
1353;21/04/2017;14/04/2017;92;14;112
1354;12/10/2018;05/10/2018;8;25;182
1355;28/08/2017;21/08/2017;51;14;57
1356;27/05/2018;20/05/2018;92;14;82
1357;10/11/2018;03/11/2018;24;25;139
1358;28/07/2017;21/07/2017;95;14;134
1359;18/10/2017;11/10/2017;70;14;65
1360;23/08/2018;16/08/2018;3;25;13
1361;30/01/2017;23/01/2017;78;14;91
1362;22/01/2017;15/01/2017;19;25;143
1363;28/03/2017;21/03/2017;8;25;78
1364;15/05/2017;08/05/2017;15;14;105
1365;17/07/2017;10/07/2017;81;14;99
1366;01/02/2017;25/01/2017;72;14;143
1367;26/04/2018;19/04/2018;9;14;167
1368;15/07/2017;08/07/2017;73;14;100
1369;08/05/2017;01/05/2017;84;14;16
1370;28/11/2017;21/11/2017;76;14;36
1371;17/03/2017;10/03/2017;84;14;193
1372;19/03/2018;12/03/2018;80;14;89
1373;15/04/2018;08/04/2018;35;14;142
1374;06/06/2017;30/05/2017;19;25;124
1375;23/05/2017;16/05/2017;19;25;25
1376;27/11/2017;20/11/2017;29;25;123
1377;11/03/2017;04/03/2017;43;25;148
1378;22/08/2017;15/08/2017;51;25;15
1379;24/09/2017;17/09/2017;77;25;149
1380;15/12/2017;08/12/2017;3;25;114
1381;02/12/2017;25/11/2017;41;25;91
1382;06/07/2017;29/06/2017;93;25;90
1383;08/04/2018;01/04/2018;100;14;205
1384;22/10/2017;15/10/2017;4;14;129
1385;23/04/2017;16/04/2017;92;25;209
1386;16/01/2017;09/01/2017;49;14;100
1387;03/05/2017;26/04/2017;59;14;166
1388;09/02/2018;02/02/2018;20;14;15
1389;22/02/2017;15/02/2017;20;14;183
1390;18/09/2017;11/09/2017;7;14;56
1391;21/04/2018;14/04/2018;24;14;165
1392;31/03/2018;24/03/2018;81;14;121
1393;16/08/2018;09/08/2018;58;14;111
1394;03/12/2017;26/11/2017;19;14;210
1395;16/02/2018;09/02/2018;62;25;104
1396;28/07/2017;21/07/2017;6;25;109
1397;06/10/2017;29/09/2017;20;14;209
1398;02/07/2017;25/06/2017;27;14;206
1399;05/01/2018;29/12/2017;87;25;2
1400;13/11/2017;06/11/2017;44;14;9
1401;02/06/2018;26/05/2018;42;25;138
1402;14/06/2018;07/06/2018;7;25;8
1403;17/07/2018;10/07/2018;10;25;57
1404;06/10/2018;29/09/2018;14;14;154
1405;20/07/2017;13/07/2017;54;14;203
1406;15/04/2017;08/04/2017;48;14;135
1407;03/02/2017;27/01/2017;28;25;197
1408;10/04/2017;03/04/2017;24;14;24
1409;14/01/2017;07/01/2017;3;14;110
1410;09/12/2017;02/12/2017;79;25;85
1411;05/10/2018;28/09/2018;29;14;54
1412;05/11/2017;29/10/2017;16;14;39
1413;22/07/2018;15/07/2018;69;14;112
1414;09/03/2018;02/03/2018;47;14;200
1415;06/08/2017;30/07/2017;12;25;187
1416;21/06/2017;14/06/2017;37;25;196
1417;21/07/2018;14/07/2018;49;25;18
1418;03/11/2017;27/10/2017;8;25;181
1419;08/04/2018;01/04/2018;49;25;26
1420;14/12/2017;07/12/2017;45;25;143
1421;11/04/2017;04/04/2017;41;25;149
1422;30/06/2017;23/06/2017;73;14;211
1423;15/11/2018;08/11/2018;14;25;51
1424;01/08/2017;25/07/2017;18;25;96
1425;27/02/2017;20/02/2017;100;25;12
1426;12/08/2018;05/08/2018;57;25;12
1427;08/05/2017;01/05/2017;69;25;61
1428;31/10/2018;24/10/2018;61;14;56
1429;17/11/2018;10/11/2018;51;14;104
1430;13/05/2017;06/05/2017;40;14;72
1431;13/08/2018;06/08/2018;63;14;140
1432;11/12/2017;04/12/2017;32;14;176
1433;20/07/2017;13/07/2017;35;14;187
1434;16/04/2018;09/04/2018;78;14;17
1435;06/04/2017;30/03/2017;44;25;40
1436;22/01/2018;15/01/2018;65;25;102
1437;08/09/2018;01/09/2018;71;25;87
1438;20/02/2018;13/02/2018;78;25;198
1439;12/03/2017;05/03/2017;57;25;79
1440;20/07/2018;13/07/2018;2;14;126
1441;02/02/2018;26/01/2018;15;25;76
1442;01/08/2018;25/07/2018;58;14;12
1443;12/02/2018;05/02/2018;38;14;140
1444;22/01/2017;15/01/2017;16;25;30
1445;28/05/2017;21/05/2017;27;14;119
1446;05/07/2018;28/06/2018;66;14;43
1447;19/10/2017;12/10/2017;73;25;49
1448;22/01/2017;15/01/2017;90;14;77
1449;31/07/2018;24/07/2018;61;14;43
1450;19/12/2017;12/12/2017;99;25;172
1451;01/07/2018;24/06/2018;39;14;0
1452;17/09/2017;10/09/2017;90;25;73
1453;27/12/2017;20/12/2017;57;25;72
1454;01/02/2017;25/01/2017;62;14;156
1455;11/04/2017;04/04/2017;94;14;105
1456;21/10/2017;14/10/2017;24;14;200
1457;23/08/2018;16/08/2018;51;14;137
1458;11/03/2017;04/03/2017;65;14;161
1459;25/10/2018;18/10/2018;54;14;155
1460;22/07/2018;15/07/2018;96;14;124
1461;28/05/2018;21/05/2018;25;14;122
1462;08/07/2018;01/07/2018;66;14;150
1463;13/08/2017;06/08/2017;29;14;185
1464;10/02/2017;03/02/2017;81;25;44
1465;30/06/2017;23/06/2017;16;25;192
1466;04/05/2018;27/04/2018;100;25;2
1467;26/07/2017;19/07/2017;7;25;42
1468;23/08/2017;16/08/2017;37;25;207
1469;07/07/2018;30/06/2018;16;25;14
1470;24/09/2018;17/09/2018;6;25;89
1471;06/11/2018;30/10/2018;15;25;140
1472;09/05/2017;02/05/2017;49;25;39
1473;08/03/2017;01/03/2017;5;14;78
1474;20/03/2017;13/03/2017;38;14;147
1475;08/06/2017;01/06/2017;25;25;105
1476;05/04/2017;29/03/2017;6;14;122
1477;02/05/2017;25/04/2017;72;14;90
1478;16/02/2017;09/02/2017;33;14;172
1479;02/02/2017;26/01/2017;99;14;164
1480;21/10/2017;14/10/2017;11;14;196
1481;07/07/2018;30/06/2018;48;14;33
1482;06/11/2018;30/10/2018;49;14;157
1483;19/06/2018;12/06/2018;95;14;182
1484;04/08/2018;28/07/2018;98;14;123
1485;29/03/2018;22/03/2018;79;25;190
1486;29/12/2017;22/12/2017;50;25;62
1487;19/02/2017;12/02/2017;70;14;101
1488;13/11/2017;06/11/2017;100;14;30
1489;09/03/2017;02/03/2017;28;25;94
1490;05/08/2018;29/07/2018;45;14;68
1491;17/02/2017;10/02/2017;85;25;88
1492;12/12/2017;05/12/2017;19;25;20
1493;02/04/2017;26/03/2017;10;25;78
1494;24/08/2018;17/08/2018;28;14;4
1495;24/02/2017;17/02/2017;57;14;89
1496;07/06/2018;31/05/2018;90;14;8
1497;04/03/2017;25/02/2017;20;25;185
1498;10/03/2017;03/03/2017;19;14;162
1499;06/07/2017;29/06/2017;45;14;40
1500;13/10/2018;06/10/2018;22;25;107
